Genre,Podcast Name,Description,Publisher,Total Episodes,Spotify URL,Image URL
news & politics,Faire genre,"Une fois par mois, la journaliste Laurène Daycard convie un·e chercheur·euse parmi les plus pointu·e·s sur les questions de genre : philosophes, sociologues, anthropologues, littéraires et politistes… pour apprendre, douter aussi parfois, et surtout mieux penser en profondeur la société.Crédits Un podcast de Binge audio et de L’Institut du genre. Préparé et animé par Laurène Daycard et réalisé par Thomas Plé. Production : Soraya Kerchaoui-Matignon, Albane Fily et Camille Khodor. Composition musicale : Alexandre Delmaere. Identité graphique : Upian. Hébergé par Acast. Visitez acast.com/privacy pour plus d'informations.",Binge Audio / L'Institut du genre,9,https://open.spotify.com/show/1fjbG3xiPG4hqk5wgt1uJt
news & politics,Navbharat Gold – Hindi Podcast | Hindi Audio Infotainment | Hindi Audio News,"Navbharat Gold from the house of BCCL (Times Group), is a first of a kind Hindi Podcast Infotainment Service in the world, offering an unmatched range and quality of content across multiple genres such as Hindi audio news, current affairs, science, audio-documentaries, sports, economy, history, spirituality, art and literature, life lessons, relationships and much more.   To listen to a much wider range of such exclusive Hindi podcasts, visit us at www.navbharatgold.com",Navbharat Times,1794,https://open.spotify.com/show/4NKXRArtdThJuS3pKUgPU7
news & politics,Institut du Genre en Géopolitique ,"Retrouvez toute l'actualité du genre dans le domaine des relations internationales avec Alice Apostoly et Déborah Rouach, à travers des épisodes thématiques et des entretiens axés sur l’examen de la condition des femmes, les discriminations subies par les communautés LGBTI+, les normes de féminités et de masculinités ou les rapports de genre.",Institut du Genre en Géopolitique,12,https://open.spotify.com/show/1kAEXha2s3fves9gxdREgI
news & politics,SYFY WIRE News,"Get the latest news from the worlds of science fiction, fantasy & horror with SYFY WIRE’s daily news briefing. SYFY WIRE features news and original reporting about movies, TV, games, comics, books, genre figures, fandom and more.",SYFY WIRE,611,https://open.spotify.com/show/3VuTppA0OBnXzrfv2QUyYK
news & politics,WFPK Music News,"Your daily dose of music news from WFPK and Louisville Public Media.  You love music, but it’s hard to keep up with your favorite artists, let alone ones you’ve yet to discover. This is WFPK Music News, a daily update focused on rock, alternative, R&B and underserved genres. Hosts Mel Fisher and Otis Junior track down the most interesting music news. All you have to do is spend a minute with us each weekday to stay informed!",Louisville Public Media,30,https://open.spotify.com/show/0fujWP8g0Fra70GCQHM1ZG
news & politics,Antigone.News,"Antigone.News est un média alternatif écolo, féministe qui traite des conflits de tout genre.  Hébergé par Acast. Visitez acast.com/privacy pour plus d'informations.",Emma Bevivino,5,https://open.spotify.com/show/1yfBaiX5SbykYXDhL2jmSU
news & politics,Genre(s) en Afrique centrale,Agir ensemble pour les droits humains,Genre(s) en Afrique centrale,7,https://open.spotify.com/show/7KZdfkGS5NC0fGJjl1plLW
news & politics,En tout genre ,:),Elisa Vallé,1,https://open.spotify.com/show/6BV1hFv7VVj3KfKC3GwtHR
news & politics,The Conditional Release Program,"Welcome to The Conditional Release Program, a podcast that delves into the netherworld of cults, crims and con artists.Who would have thought a spicy chest cough would turn everyone so completely mad?Our weekly show covers the conspiracy theorists that created a 'shadow pandemic' of political idiocy and violent ideation within the fringe of politics. From time to time we get our hands even dirtier with true crime deep dives. Jack is a seasoned expert in the true crime genre, having written and spoken extensively about Roger Rogerson, Stan 'the man' Smith and, of course, the Fine Cotton Fiasco. In various episodes he guides us through the dark underbelly of Australian crime in his trademark storytelling style. The world is getting weird and we are getting weird with it. Let's watch as democracy crumbles into a smouldering heap - and take note of the kids carrying the matches and the metho. Hosted by Jack the Insider and Joel Hill with an occasional rotation of guests that generally share our distaste toward the lunatic fringe.",Jack the Insider and Joel Hill,336,https://open.spotify.com/show/5GfGThJ213h0wKp9yiJt4x
news & politics,Toutes identités confondues,"L’identité se vit, se construit, parfois se défait et peut même se transmettre. Les parcours sont multiples, complexes et, loin d’être acquise, l’identité se conquiert souvent avec le temps. Genre, race, religion, orientation sexuelle ... Autant de sujets, intimes et passionnants, qu'on tente de vous raconter dans chaque épisode de Toutes identités confondues.  ___ Retrouvez-nous tous nos contenus sur frictions.co (http://frictions.co/). Suivez Frictions sur Instagram (https://www.instagram.com/frictions.media/), Facebook (https://www.facebook.com/frictions.media), Twitter (https://www.facebook.com/frictions.media) ! Vous ne recevez pas encore notre newsletter ? Incrivez-vous ici (http://eepurl.com/g8e6mz) Hébergé par Ausha. Visitez ausha.co/fr/politique-de-confidentialite pour plus d'informations.",Frictions,35,https://open.spotify.com/show/5IBwMJIbu0qAyy8mDZb9Yt
news & politics,The Rebel Beat,"Radical political music across different genres, and across different continents. It is the mixtape to a riot against police brutality. It is your nightly newscast set to bass and beats. It is a rallying cry against apathy. It is protest anthems from Hong Kong to Istanbul to Ferguson to Montreal.",Aaron Lakoff,24,https://open.spotify.com/show/6szyQim2JOHbCJY7M7BYGh
news & politics,Stormy Daniels - Audio Biography,"Stephanie Gregory Clifford, known professionally as Stormy Daniels, is an American adult film actress, director, and writer who gained international fame due to her alleged affair with former U.S. President Donald Trump and the subsequent legal battles and media attention that followed. Early Life and Career Beginnings Stormy Daniels was born on March 17, 1979, in Baton Rouge, Louisiana. She grew up in a middle-class family and attended Scotlandville Magnet High School. During her teenage years, Daniels developed an interest in acting and performing. In 1996, at the age of 17, Daniels began her career in the adult entertainment industry as a stripper. She worked at various clubs across the country, eventually transitioning into adult films in 2002. Her stage name, ""Stormy Daniels,"" was derived from the combination of the Mötley Crüe bassist Nikki Sixx's daughter's name, Storm, and the surname of Jack Daniels whiskey. Adult Film Career Throughout her career in the adult film industry, Stormy Daniels has appeared in over 150 films and has directed more than 70 movies. She has worked with numerous major adult film studios, such as Wicked Pictures and Digital Playground. In 2004, Daniels won the Best New Starlet Award from Adult Video News (AVN), one of the most prestigious accolades in the industry. In addition to her work as a performer, Daniels has also been recognized for her work as a director. She has directed films for Wicked Pictures and has received several award nominations for her directorial efforts. Daniels is known for her focus on female-driven storylines and her ability to create engaging content within the adult film genre. Mainstream Media Appearances Outside of her work in the adult film industry, Stormy Daniels has made several appearances in mainstream media. In 2005, she appeared in the comedy film ""The 40-Year-Old Virgin,"" playing a small role as a porn star. She has also guest-starred on television shows such as ""Dirt"" and ""Marci X."" In 2007, Daniels considered running for the Senate in Louisiana against incumbent David Vitter. She announced the potential campaign as a Republican candidate, focusing on issues such as sex education, tax reform, and the need for more women in leadership positions. However, she ultimately decided not to run for office. Alleged Affair with Donald Trump In January 2018, The Wall Street Journal reported that Stormy Daniels had allegedly had an affair with then-businessman Donald Trump in 2006, shortly after his wife Melania had given birth to their son, Barron. The article also claimed that Trump's attorney, Michael Cohen, had paid Daniels $130,000 in hush money just before the 2016 presidential election to keep the affair quiet. Daniels initially denied the affair and the payment, but in February 2018, she publicly acknowledged the alleged relationship in an interview with Jimmy Kimmel. She claimed that she and Trump had engaged in a consensual affair and that she had signed a non-disclosure agreement (NDA) in exchange for the $130,000 payment. Legal Battles and Media Attention Following the public acknowledgment of the alleged affair, Stormy Daniels and her attorney, Michael Avenatti, engaged in a highly publicized legal battle with President Trump and his legal team. Daniels filed a lawsuit against Trump, claiming that the NDA she had signed was invalid because Trump had never signed it himself. The legal dispute garnered significant media attention, with Daniels and Avenatti making frequent appearances on news programs and talk shows. The case also led to the revelation that Michael Cohen had made the $130,000 payment to Daniels, which sparked further investigations into potential campaign finance violations. In March 2019, a federal judge dismissed Daniels' lawsuit against Trump, stating that the suit was irrelevant after Trump and Cohen had agreed not to enforce the NDA. However, the legal battle continued, with Daniels filing a defamation suit against Trump for his comments about her on Twitter. The defamation case was ultimately dismissed as well. Impact on Popular Culture The Stormy Daniels scandal had a significant impact on popular culture and public discourse. The story dominated news headlines for months and sparked discussions about power dynamics, gender roles, and the intersection of politics and the adult entertainment industry. Daniels became a household name and a symbol of resistance for many who opposed the Trump administration. She was featured in numerous interviews, appeared on magazine covers, and even embarked on a nationwide strip club tour called ""Make America Horny Again,"" a play on Trump's campaign slogan. The scandal also inspired various forms of artistic expression, including a satirical rap song by Yung Gravy titled ""Stoopy Daniels"" and a ""Saturday Night Live"" sketch featuring Alec Baldwin as Trump and Cecily Strong as Daniels. Recent Activities and Personal Life In 2018, Stormy Daniels released a memoir titled ""Full Disclosure,"" in which she detailed her alleged affair with Trump and her experiences in the adult film industry. The book became a New York Times bestseller and further solidified Daniels' place in the public eye. Daniels continues to work in the adult entertainment industry as a performer and director. She has also ventured into stand-up comedy, performing at clubs and venues across the United States. In her personal life, Daniels is a mother to a daughter born in 2011 and is an outspoken advocate for various political and social causes. In conclusion, Stormy Daniels' biography is one that encompasses a successful career in the adult film industry, mainstream media appearances, and a high-profile legal battle with a sitting U.S. President. Her story has sparked important conversations about power, gender, and the intersection of politics and entertainment, solidifying her place as a significant figure in contemporary American culture. Thanks for listening to Quiet Please. remember to like and share wherever you get your podcasts.",Quiet.Please,1,https://open.spotify.com/show/7aCtjfpNpxZkQm1SvATjNd
news & politics,Camille,"A-t-on vraiment besoin du genre sur les papiers d’identité ? Pourquoi traiter quelqu’un d’e****é, c’est homophobe ? Camille Regache propose de déconstruire tout ce qui est considéré comme naturel et inné en ce qui concerne l’identité de genre et la sexualité. Camille est un podcast de Binge Audio destiné aux lesbiennes, gay, bi, trans et surtout aux hétéros. Hébergé par Acast. Visitez acast.com/privacy pour plus d'informations.",Binge Audio,40,https://open.spotify.com/show/5OlddQF0QFWT4o0hIrgqiz
news & politics,Andrew Dickens Afternoons,"With decades of broadcasting experience behind him, Andrew Dickens has worked around the world across multiple radio genres. His bold, sharp and energetic show on Newstalk ZB is always informative and entertaining.",Newstalk ZB,642,https://open.spotify.com/show/5EArT0iZiQji7iDlxksyjX
news & politics,Beyoncé  and The Magic of Texas Hold 'Em,"Beyoncé's new song ""Texas Hold 'Em"" marks a significant foray into the country music genre for the globally renowned artist, known primarily for her roots in R&B, pop, and hip-hop. Released during the 2024 Super Bowl, the song, along with ""16 Carriages,"" showcases Beyoncé's versatile musical talent and her ability to bridge diverse musical styles while celebrating her cultural heritage. Details and Themes: ""Texas Hold 'Em"" stands out with its lively beat and country-inspired rhythms, blending traditional country elements with Beyoncé's unmistakable vocal style. The lyrics invoke imagery of classic country life, including references to Texas, playing cards, and communal dance, all while maintaining Beyoncé's characteristic empowerment and boldness. The song's narrative encourages listeners to embrace the moment, let down their guards, and join in a collective celebration, reminiscent of a country hoedown but with a modern twist. In contrast, ""16 Carriages"" presents a more melodic and introspective ballad. It explores themes of loss, longing, and reflection, set against a backdrop of a fading sunset and a journey away from dreams. This track complements ""Texas Hold 'Em"" by showcasing the emotional depth and storytelling characteristic of country music, while still infusing it with Beyoncé's unique sound and perspective. Cultural Impact and Discussion: The release of ""Texas Hold 'Em"" has reignited conversations about the representation of black artists in country music, a genre historically perceived as predominantly white. Beyoncé's entry into this space is not just a musical crossover but a cultural statement, challenging traditional boundaries and highlighting the African American influences within country music's roots. Critics and fans alike have noted the song's ability to bring attention to black musicians within country music, contributing to a broader appreciation and recognition of their work. Artists like Adia Victoria, Mickey Guyton, and Rissi Palmer, among others, have seen increased listenership and engagement following the song's release, signaling a shift towards more inclusivity in the genre. Moreover, Beyoncé's ""Texas Hold 'Em"" has sparked discussions on social media and among music industry professionals about what constitutes ""authentic"" country music and who gets to define it. The song's reception by country radio stations has been mixed, with some embracing the new track and others hesitant to include it in their playlists, reflecting ongoing debates about genre boundaries and artistic identity. Personal and Artistic Significance: Beyoncé's exploration of country music with ""Texas Hold 'Em"" and ""16 Carriages"" is also a nod to her Texan roots and personal history. Growing up in Houston, Texas, Beyoncé was exposed to a blend of musical influences, including country, Tejano, and soul, which have all shaped her eclectic musical style. By incorporating elements of country music into her repertoire, Beyoncé is not only paying homage to her heritage but also redefining her artistic expression. The release of these songs and the announcement of her new album ""Renaissance: Act II"" signify Beyoncé's ongoing evolution as an artist and her commitment to pushing musical boundaries. Her venture into country music exemplifies how she continues to explore new territories, both thematically and sonically, while remaining grounded in her identity and influences. In summary, Beyoncé's ""Texas Hold 'Em"" is more than just a song; it's a cultural moment that bridges genres, challenges stereotypes, and celebrates the rich tapestry of American music. As she continues to explore the intersections of race, culture, and musical genres, Beyoncé not only enriches her own artistic legacy but also paves the way for future generations of musicians to defy categorization and express their diverse identities. Thanks for listening to Quiet Please. Remember to like and share wherever you get your podcasts. And Hey! History buffs, buckle up! Talking Time Machine isn't your dusty textbook lecture. It's where cutting-edge AI throws wild interview parties with history's iconic figures. In the Talking Time Machine podcast: History Gets a High-Tech Twist, Imagine: Napoleon Bonaparte talking French Politics with Louis the 14th! This podcast is futuristically insightful. Our AI host grills historical legends with questions based on real historical context, leading to surprising, thought-provoking, and often mind-blowing answers. Whether you're a history geek, a tech junkie, or just love a good interview, Talking Time Machine has something for you. Talking Time Machine: search, subscribe and (Listen Now!)",2024 Quiet Please,8,https://open.spotify.com/show/0TRsT4WlA0379fmlhudhIB
news & politics,2024 Rock and Roll Hall of Fame,"Decoding the 2024 Rock Hall Ballot: Genre-Bending Visionaries & Enduring Legacies The 2024 Rock & Roll Hall of Fame nominations sparked fiery debates. This year's intriguing slate features trailblazers long overdue with first-timers reflecting cultural diversity. It's a snapshot of evolving influence paradigms for modern eras. Analyzing individual merits within a broader context, 20th-century pop history takes center stage, with contemporary relevance challenging nostalgic icons. Let's dive deeper. Crossing Genre Lines: Five groundbreaking women make history, half the ballot. Mariah Carey and Cher redefine ""diva"" with crossover dominance, reinventing vocal traditions for pop eras. While not bluesy rock-like founding inductees, their impact is undeniable. Jane's Addiction, alternative royalty, pay homage to indie punk predecessors. Perry Farrell's pioneering Lollapalooza visioned modern festival culture, uniting contrasting styles with rebellious DNA. Two seminal hip-hop duos seek third-time's-the-charm. Eric B & Rakim laid the foundation for complex lyricism, now commonplace. A Tribe Called Quest pioneered jazz fusions, pushing beyond MC parties towards high art transcending clubs. Both deserve eventual bronze busts in Cleveland. Global Phenoms Export Identity: Manchester's Oasis court Anglophile voters, following The Smiths, Beatles, etc. Liam and Noel Gallagher brought working-class swagger, selling millions with Beatles-inspired stadium anthems. Their impact reaches the ""old Empire."" Jamaican-British chanteuse Sade defies trends. Her sophisti-pop soul emanates timeless cool. ""Promise"" birthed 80s makeout classics, influencing countless fans. Her enduring career and devoted fanbase make her unique. Diaspora Caribbean roots uplift with Kool & The Gang. Overcoming the 70s disco stigma, they created a universal ""stayin' alive"" legacy, packing dancefloors for decades. Let the ladies sway to their signature ""Shindig"" swagger. Alchemizing Blues into Gold: Peter Frampton won hearts with The Herd, then honed his tone with Humble Pie before capturing the zeitgeist with his 1976 mega-hit, the top Billboard seller before Thriller. Yet, his legacy hinges almost solely on the 11-minute ""Do You Feel Like We Do."" An inspiring reminder of underdogs' triumphs. Ozzy Osbourne follows in Black Sabbath's footsteps, gaining nominations but missing induction. He pioneered punk-infused metal theatrics, inspiring headbangers. He deserves this recognition. Lenny Kravitz bridges generations, channeling 60s protest poetry for 90s alternative legions. His relentless work ethic keeps him current. This nomination honors his longevity, mentoring younger artists like Khaled and Post Malone. Arena Dominating Showstoppers: Anglo-American pomp DJs Foreigner expertly aimed anthemic stadium pleasers, conquering late 70s airwaves. Powered by classically trained guitarist Mick Jones, their orchestral overtures inspired future masters from Extreme to Taylor Swift. Foreigner's enduring radio presence and relentless touring warrant a Hall pass. Similar respect goes to Kool & The Gang, returning with a nod to their funky roots. They deliver non-stop party anthems, making Earth inhabitants cheer and dance anywhere. Girls! Respect Overdue: Mary J. Blige's profound influence embedded confessional hip-hop into R&B vulnerability, pioneering a movement where divas wear flaws as badges of honor. She moves souls, baring her scars. Sinéad O'Connor followed her truth, confronting injustice and hypocrisy. Her voice deserves recognition for going beyond ""Nothing Compares 2 U."" Deserving Institutionals: Rounding out the ballot are repeat nominees. Dave Matthews Band continues to draw crowds and passionate followings. Jane's Addiction's second-wave nod seems fitting, given their Lollapalooza legacy. Blue Öyster Cult returns for their cowbell-clanging classics. Changing Criteria: This ballot reflects shifting priorities. Some hard rock fans might feel ignored, but the Hall must acknowledge evolving pop culture markers. Does hip-hop deserve a strong presence? Do streaming and touring receipts now define impact? If rock signifies attitude beyond blues roots, shouldn't the Hall recognize new styles and vulnerability driving cultural shifts? Healthy debates will continue. But this diverse class suggests an awareness of broadening horizons. The committee seems to acknowledge a wider spectrum of innovators, pioneering new genres, attitudes, and messages that reflect changing times beyond traditional rock radio structures. This will ultimately strengthen the Rock Hall's relevance and document the ongoing musical revolution. The 2024 ballot is a first draft of history, deserving appreciation for its individual and collective representation of key artistic pillars that have upheld pop music's vast architecture over the past half-century. These nominees carried culture forward through their original craft and inspiration, rippling outwards for generations to come. And Hey! History buffs, buckle up! Talking Time Machine isn't your dusty textbook lecture. It's where cutting-edge AI throws wild interview parties with history's iconic figures. In the Talking Time Machine podcast: History Gets a High-Tech Twist, Imagine: Napoleon Bonaparte talking French Politics with Louis the 14th! This podcast is futuristically insightful. Our AI host grills historical legends with questions based on real historical context, leading to surprising, thought-provoking, and often mind-blowing answers. Whether you're a history geek, a tech junkie, or just love a good interview, Talking Time Machine has something for you. Talking Time Machine: search, subscribe and (Listen Now!)",2024 Quiet Please,1,https://open.spotify.com/show/5jlY6akHFjas2bp5tc8ARk
news & politics,Warp World Podcast,"The Warp World Podcast gives you a weekly update regarding the latest trend of video games, streaming and technology. Team Warp World also features updates to their current projects in the streaming world. Hosted by GrandPOOBear, jaku and xWater!  GrandPOOBear is a full time Twich streamer, Youtuber and speedrunner, best known for his top level Mario gameplay. He has been featured on news sites such as Kotaku, IGN, Forbes Magazine, and Destructoid.   Jaku is world renowned for his security research in multiple areas. Jaku and his research has been featured by media including: Wired, Network World, The Washington Post, eWeek, PC World, CNET, Computerworld, CNN, Gizmodo, NPR & Forbes. Jaku is the original owner and creator of the Warp World franchise and leads the team towards the future of gaming.  xWater is an enthusiastic content creator, sharing his passion of gaming full time here on the Podcast, Youtube, Twitch, and just about everywhere else. Known mostly for disgusting shower habits, he's also a talented player across a number of genres. There is nothing he WONT do!  Together they talk about cool new technology, streaming news, as well as overall gaming news.",WarpWorldPodcast,194,https://open.spotify.com/show/6GDJ1Ny7vHlshhsZK4XBkn
news & politics,Secrets and Spies - A Spy & Geopolitics Podcast,"Secrets and Spies is an enthralling podcast that guides listeners on an immersive journey into the hidden realm of espionage, terrorism, geopolitics, and international intrigue. Hosted by filmmaker Chris Carr and writer Matt Fulton, each episode promises riveting conversations with best-selling authors, historians, journalists, and former intelligence professionals.  Secrets and Spies is more than a podcast—it's an intellectual adventure that invites you to join us in deciphering the most enigmatic professions, ideologies, and organizations that shape the global landscape. Tune in for thought-provoking discussions and expert insights with balanced yet critical perspectives that will expand your understanding of our uncertain world. Subscribe to Secrets and Spies today on all major podcast streaming platforms.  Our Hosts  Host Chris Carr, driven by a teenage encounter with former KGB officer Oleg Gordievsky, brings a unique authenticity to the podcast. His deep-seated fascination with espionage is evident in his highly acclaimed short spy film ""The Dry Cleaner,"" available on Apple TV and Amazon Prime. Currently developing feature film and television scripts inspired by the podcast's themes, Chris aims to create realistic and compelling spy dramas.  Joining him is Matt Fulton, a novelist and screenwriter who draws inspiration from masters of the spy genre like John Le Carré, Tom Clancy, and Graham Greene. Author of the “Active Measures” series of globe-trotting geopolitical thrillers, Matt brings his decades of extensive research and narrative prowess to the podcast, offering listeners a front-row seat to the thrilling world of covert operations.",Secrets & Spies,193,https://open.spotify.com/show/3hy0Pzx5XXoKownVar0n00
news & politics,Presente with Francisco Aviles Pino,"PRESENTE with Francisco Aviles Pino is an interview and narrative podcast showcasing California Latino stories with universal significance. Think of KQED’s The California Report and The Assignment with Audie Cornish but for CALO News. Each episode takes on an important ballot initiative, a major local elected seat, and all the major issues facing Latinos in California with a focus on Southern California  -- representation in media, criminal justice, housing , immigration, the economy, climate justice and much more. The show breaks down these topics into 30-minute episodes that are released occasionally on Tuesdays and promoted throughout the week. Format: Seasonal Interview and Narrative / Documentary Genre: Interview & Docu-narrative.Episode Length: 25-30minCALO News Swimlane: Talkshow & JournalismPRESENTE is written and produced by francisco aviles pino, writer and producer of the NPR - LAist Award-winning show IMPERFECT PARADISE and writer for The Nation, Vogue, The Intercept and more. ",CALO News ,1,https://open.spotify.com/show/266eSlL6zfQxf3uU2umX5t
news & politics,Hunter S. Thompson - Audio Biography,"Hunter S. Thompson: The Life and Legacy of Gonzo Journalism's Infamous Provocateur Introduction: Hunter Stockton Thompson (July 18, 1937 – February 20, 2005) was an American journalist and author who pioneered the genre of Gonzo journalism, a highly personal and often controversial style of reporting that blurred the lines between writer and subject, fact and fiction. Throughout his tumultuous career, Thompson's provocative writing, unconventional lifestyle, and scathing critiques of American politics and culture made him a counterculture icon and one of the most influential voices of his generation. Early Life and Education: Born in Louisville, Kentucky, to Jack Robert Thompson, an insurance agent, and Virginia Ray Davison, a librarian, Hunter S. Thompson grew up in a middle-class family. His early life was marked by rebelliousness and a disdain for authority, traits that would later define his writing and public persona. Thompson attended Louisville Male High School, where he was a member of the literary club and the Athenaeum Literary Association. Despite his intelligence and writing talent, Thompson's disruptive behavior led to his expulsion from high school in 1955. Following his expulsion, Thompson enlisted in the United States Air Force, where he served as a sports editor for the base newspaper at Eglin Air Force Base in Florida. During his time in the Air Force, Thompson honed his writing skills and developed a keen interest in journalism. After being honorably discharged in 1958, he began his career as a professional writer, working as a freelance journalist for various publications, including the New York Herald Tribune, The National Observer, and Rolling Stone magazine. Rise to Fame and Gonzo Journalism: In the 1960s, Thompson gained notoriety for his unconventional and often controversial writing style, which came to be known as Gonzo journalism. This approach, characterized by its highly subjective and often exaggerated first-person narrative, rejected the traditional tenets of objective reporting in favor of a more immersive and experiential form of storytelling. Thompson's writing was marked by his biting wit, scathing social commentary, and a willingness to blur the lines between fact and fiction in pursuit of a deeper truth. Thompson's breakthrough work, ""Hell's Angels: The Strange and Terrible Saga of the Outlaw Motorcycle Gangs"" (1967), was a prime example of his Gonzo style. The book, which chronicled Thompson's experiences living and riding with the notorious motorcycle gang, offered a gritty and unfiltered look at the counterculture movement of the 1960s. The success of ""Hell's Angels"" established Thompson as a major voice in American journalism and cemented his reputation as a fearless and uncompromising observer of American society. Political Writings and ""Fear and Loathing"": Throughout the late 1960s and early 1970s, Thompson became increasingly involved in political reporting, covering major events such as the 1968 Democratic National Convention and the 1972 presidential campaign. His most famous work from this period, ""Fear and Loathing in Las Vegas: A Savage Journey to the Heart of the American Dream"" (1971), was a wild and hallucinatory tale of drug-fueled excess and social commentary that captured the zeitgeist of the era. In ""Fear and Loathing on the Campaign Trail '72,"" Thompson provided a scathing and often hilarious account of the 1972 presidential race between Richard Nixon and George McGovern. The book, which originally appeared as a series of articles in Rolling Stone, showcased Thompson's unique blend of political analysis, personal anecdotes, and biting satire, cementing his status as one of the most important and influential political writers of his generation. Later Years and Legacy: In the later years of his career, Thompson continued to write for various publications, including ESPN and Vanity Fair, and authored several more books, such as ""The Great Shark Hunt"" (1979), ""Generation of Swine"" (1988), and ""Kingdom of Fear"" (2003). Despite his declining health and struggles with substance abuse, Thompson remained an outspoken critic of American politics and culture, often using his platform to denounce corruption, injustice, and the erosion of civil liberties. On February 20, 2005, at the age of 67, Hunter S. Thompson died by suicide at his fortified compound in Woody Creek, Colorado. In accordance with his wishes, his ashes were fired from a cannon in a ceremony attended by friends, family, and celebrities, including Johnny Depp, Bill Murray, and Sean Penn. Thompson's legacy as a writer and cultural figure continues to inspire and influence generations of journalists, authors, and artists. His Gonzo style of journalism, characterized by its blend of fact and fiction, subjectivity and satire, has left an indelible mark on the world of reporting and storytelling. Moreover, his uncompromising spirit, iconoclastic wit, and commitment to speaking truth to power have made him an enduring symbol of counterculture rebellion and anti-establishment dissent. The impact of Hunter S. Thompson's work extends far beyond the realm of journalism. His writing has been adapted into films, such as ""Fear and Loathing in Las Vegas"" (1998) and ""The Rum Diary"" (2011), and has influenced countless writers, filmmakers, and artists across various media. Thompson's persona, marked by his trademark aviator sunglasses, cigarette holder, and wild, drug-fueled antics, has become a cultural icon, emblematic of a particular strain of American individualism and anti-authoritarianism. Despite the controversy that often surrounded his life and work, Hunter S. Thompson's contributions to American literature and journalism are undeniable. His unique voice, unflinching honesty, and ability to capture the essence of a particular moment in history have earned him a place among the most important and influential writers of the 20th century. In many ways, Thompson's life and work serve as a testament to the power of the written word to challenge social norms, expose injustice, and provoke change. His legacy reminds us of the importance of speaking truth to power, even in the face of opposition or personal risk, and the vital role that journalists and writers play in shaping our understanding of the world around us. As we continue to grapple with the complex social, political, and cultural issues of our time, the example set by Hunter S. Thompson remains as relevant and inspiring as ever. His commitment to truth-telling, his rejection of conformity, and his unwavering belief in the transformative power of language continue to serve as a beacon for those who seek to challenge the status quo and fight for a more just and equitable world. In the end, Hunter S. Thompson's life and work stand as a testament to the enduring power of the human spirit to resist oppression, speak truth to power, and bear witness to the beauty, chaos, and absurdity of the human experience. His legacy will continue to inspire and inform generations of writers, artists, and activists, reminding us of the importance of living life on our own terms and never surrendering our freedom, our integrity, or our voice. Thanks for listening. Remember to like and share wherever you get your podcasts.",Quiet.Please,1,https://open.spotify.com/show/7EdVfOC6fuQozAXo3jCf3i
news & politics,Just the Right Book with Roxanne Coady,"Just the Right Book is a podcast hosted by Roxanne Coady, owner of famous independent bookstore R.J. Julia Booksellers in Madison, CT, that will help you discover new and note-worthy books in all genres, give you unique insights into your favorite authors, and bring you up to date with what’s happening in the literary world.",Roxanne Coady,255,https://open.spotify.com/show/0DI91YNeFqDdf0O9HgAiQZ
news & politics,Duo,"Antonine Yaccarini reçoit un.e invité.e, issu.e d'horizons différents, apportant un éclairage original, afin de discuter d'une déclaration ayant fait l'actualité sur la scène politique.  Enregistré à Québec, Duo s'intéresse aux stratégies politiques en tout genre et vise à aller chercher des éclairages différents sur les enjeux actuels.",Antonine Yaccarini,9,https://open.spotify.com/show/5A0HKV6yknzWF0a2hzVtLe
news & politics,Up the Middle Road,"Up the Middle Road, produced by two friends from college, attempts to bridge the political/current events genre with the more idea-driven podcasts unbound to the latest news cycle. Integrating politics, business, and a little philosophy when needed, Up the Middle Road discusses some of the most pressing issues our society faces today while staying divorced from the frenetic daily and weekly news cycles. Join us for a little bit of everything as we have the sort of conversations you’d expect in your dorm room at 1am.",Steven & Will,4,https://open.spotify.com/show/1jB1cRJAcBAUtoIuzYGqGg
news & politics,Le JT des Catastrophes Naturelles,"Bienvenue dans JT Actu Cat Nat, une initiative commune de CCR (Caisse Centrale de Réassurance) et News-Assurances Pro.   Cette émission à pour but de fournir des informations clés et des analyses approfondies autour du lien crucial entre l'assurance et les catastrophes naturelles en France.  CCR joue un rôle essentiel dans le système français de mutualisation des risques liés aux catastrophes naturelles. En tant qu'acteur majeur du régime d'indemnisation des catastrophes naturelles, CCR garantit la solidité et la pérennité de ce système, crucial pour la résilience des communautés et des entreprises face aux sinistres majeurs. Nous explorons l'importance de ce régime, unique en son genre, qui assure une couverture équitable et efficace face aux risques naturels.  Chaque épisode vous invite à une table ronde où des experts de diverses entreprises discutent, analysent des sinistres et événements de catastrophe naturelle, et offrent des perspectives enrichissantes. Ces discussions éclairent non seulement les défis actuels, mais aussi les stratégies d'adaptation et de prévention.  Un expert présente également des résultats d'études et de modélisations sur des sujets spécifiques, expliquant de manière pédagogique les analyses et les prédictions futures. Ces segments détaillent le fonctionnement et l'impact du régime d'indemnisation des catastrophes naturelles, et comment CCR contribue à une meilleure gestion et compréhension des risques.  Nos reportages sur le terrain complètent ces discussions en offrant un aperçu concret des enjeux et des solutions mises en œuvre face aux catastrophes naturelles.  Le JT Actu Cat Nat est votre source d'information et de réflexion pour rester à l'avant-garde des pratiques dans le secteur de l'assurance et de la réassurance. Hébergé par Ausha. Visitez ausha.co/fr/politique-de-confidentialite pour plus d'informations.",CCR - Caisse Centrale de Réassurance,2,https://open.spotify.com/show/45S73Am1kBdRwblLAnRu7V
news & politics,TNT Radio NYC,"TNT Radio NYC aims to explore and celebrate full-length albums from across musical genres, eras and communities. This format is lost in today’s algorithmically-oriented musical landscape. Each month, hosts Thanh Nguyen and Tim Lessick take audiences through collected works and dig deep into their story to uncover its impact on society and time. Listen to live episodes on the last Saturday of every other month at 3 pm ET on radio.montezpress.com.","Tim Lessick, Thanhyen Nguyen",44,https://open.spotify.com/show/3Ff5gGrO1bf2SDDhtPcOC5
news & politics,Du Sport,"À quoi ça sert de courir ? Faut-il être créatif pour être un bon sportif ? Jusqu’où repousser ses limites ? Après une première saison animée par Victoire Tuaillon, Du Sport revient pour une saison 2 présentée par Anne-Cécile Genre, et coproduite par le Syndicat national de l'éducation physique (Snep-FSU) et Binge Audio. Hébergé par Acast. Visitez acast.com/privacy pour plus d'informations.",Binge Audio / SNEP-FSU,17,https://open.spotify.com/show/4Mp7ZZI9pRVAPvarbvnuzS
news & politics,Badnews,"Davy Mourier est un artiste presque complet, presque…, parce qu’il ne danse pas et ne chante pas ! Mais sinon, il est scénariste, réalisateur, comédien et éditeur. Il est un des créateurs et comédien de la série NERDZ, Il a, entre autre, écrit de nombreux sketches pour l’émission le Golden Show et le site Golden Moustache. Il est le papa de la bande dessinée La Petite Mort publiée chez Delcourt mais qui est aussi un dessin animé aux millions de vues. Sa vie n’étant pas encore tout a fait fini, il compte bien faire encore deux ou trois autres trucs... Genre Badnews, Culture Z ou le Syndic du Donjon",Davy Mourier,25,https://open.spotify.com/show/03p2Yl30bvMj9IxwGBOsg8
news & politics,Tyler Le Média | Podcast rap français,"Wéwéwé c'est Tyler, Je suis passionné de rap (français), le genre de gars qui écoute TOUTES les sorties et regarde tout les clips! Du coup au lieu de faire chier mon entourage avec ça, je partage ma passion avec ceux que ça intéresse. Et je préfère parler de ce que j'ai aimé plutôt que d'enfoncer les autres. Moi c'est Tyler, si ça te plait abonne-toi pour me soutenir. :) Peace",Tyler Le Média,346,https://open.spotify.com/show/0LrQZrWYCZPxBLaKucwLGu
news & politics,The Jewish Hour,"This unique podcast features unedited news from Israel, a topic interview, Jewish Music of all genre, insights culled from the Torah Portion of the week and Jewish Calendar and a Chasidic Story. For more information about Rabbi Herschel Finman, visit http://rabbifinman.com",JCast Network,150,https://open.spotify.com/show/5bfkZfzZdtBJHXk4dqRqeq
news & politics,The Elsa Kurt Show,"Elsa Kurt is an American actress, comedian, podcast producer & host, social media entertainer, and author of over twenty-five books. Elsa's career began first with writing, then moved into the unconventional but highly popularized world of TikTok, where she amassed an organic following of 200K followers and over 7 billion views of her satirical and parody skits, namely her viral portrayal of Vice President Kamala Harris, which attracted the attention of notable media personalities such as Michael Knowles, Mike Huckabee, Brit Hume, and countless media outlets. She's been featured in articles by Steven Crowder's Louder with Crowder, Hollywood in Toto with Christian Toto, and JD Rucker Report. In late 2022, Elsa decided to explore more acting opportunities outside of social media. As of August 2022, Elsa will have appearances in a sketch comedy show & an independent short film series in the fall. Elsa is best known for her comedic style and delivery, & openly conservative values. She is receptive to both comedic and dramatic roles within the wholesome/clean genres & hopes to adapt her books to film in the future. #ifounditonamazon https://a.co/ekT4dNO Elsa's Books: https://www.amazon.com/~/e/B01E1VFRFQAs of Sept. 2023, Author, Veteran, & commentator Clay Novak joins Elsa in the co-host seat. About Clay: Army OfficerClay Novak was commissioned in 1995 as a Second Lieutenant of Infantry and served as an officer for twenty four years in Mechanized Infantry, Airborne Infantry, and Cavalry units .  He retired as a Lieutenant Colonel in 2019.WarriorClay is a graduate of the U.S. Army Ranger School and is a Master Rated Parachutist, serving for more than a decade in the Airborne community.  He was deployed a combined five times to combat in Afghanistan and Iraq.LeaderServing in every leadership position from Infantry Platoon Leader to Cavalry Squadron Commander, Clay led American Soldiers in and out of combat for more than two decades.OutdoorsmanGrowing up in a family of hunters and shooters, Clay has carried on those traditions to this day.  Whether building guns, hunting, shooting for recreation, or carrying them in combat , Clay Novak has spent his life handling firearms.AuthorKeep Moving, Keep Shooting is the first novel for Clay.  You can also read his Blog on this website and see more content from Clay on his Substack.Media ConsultantClay has appeared on radio and streaming shows as a military consultant, weighing in on domestic and foreign policy as well as global conflict.  He has also appeared as a guest on multiple podcasts to talk about Keep Moving, Keep Shooting and his long military career.Get Clay's book: https://amzn.to/47Bzx2HVisit Clay's site: Clay Novak (claynovak-author.com)",Elsa Kurt,195,https://open.spotify.com/show/4WSFqRQCemy1n8145erPkO
news & politics,Cross Examine Podcast,"Because of hip hop's global influence, particularly on Curt and Tony, they created a context where they could discuss the genre. This show covers the full range of the Hip-Hop, taking listeners back in time, introducing some new school to the old school. And appreciating the new school having been around for the old school. This is the one, stop, shop for Hip-Hop!",Lightswitch Productions,100,https://open.spotify.com/show/5kFulAJrrEAOaAKWuVIeJB
news & politics,Alternative Tentacles Batcast,"The official podcast for Alternative Tentacles Records and Jello Biafra.  As one of the most legendary independent labels in the world, Alternative Tentacles remains a vital and abundant source of punk rock, hardcore, spoken word artistry and a wealth of other genres. Founded in 1979 by then-Dead Kennedys frontman and outspoken provocateur Jello Biafra.",Alternative Tentacles Records,100,https://open.spotify.com/show/5QsgI5heDRMPcZOV0P4dtq
news & politics,Podcast Today - Radio Apprentice rush,"Oralvault’s podcast today series is a true combination of talk and commentary on interest news and personal stories. This podcast is hosted by CS Nwilliams and it introduces a bunch of honest expressions, fostering a ticket to “say what I said” in personal context. Once upon a time, they said Ideas that matter no longer beat the height of motivation daily, but for the idea that you can rest now since it’s exists in everyone diary, that you must or can take tea and relax like a Joe when you feel lost or love and lust, perhaps. We never really understood what it meant until we were asked to learn how to talk to people, like afrobeats intelligence we played with our voice and it sounded like rants, bants and confessions for the world to spit or swallow and they thought it was on purpose.   Interested genres by host;   Society and culture  Fictions  Comedy Arts / Performing arts  Science Fiction  Personal Journals  News and commentary   This host is also interested in Romance and relations",Oralvault Studio,50,https://open.spotify.com/show/4CPj2liMDgGs8IS9VziKZu
news & politics,Coeurs Fières,"COEURS FIÈRES est un lieu de mise en lumière. Un lieu qui visibilise les personnes qui au quotidien sont invisibilisées ou visibles « mais à condition de.. »   Coeurs FièrEs, c'est offrir de l’espace de respiration, de dialogues, de partages d’expériences. Que les personnes concernées puissent se retrouver dans des expériences de vie qui nous ressemble. Bien sûr, chaque histoire est unique, mais nous portons toustes sous silence des sujets communs. Échanger de sujets encore trop tabous et casser les barrières du silence. Un lieu de convergence entre plusieurs expériences. Coeurs Fières, c’est l'envie d’offrir de l’espace pour que les dites minorités puissent se retrouver, se mettre en valeur et aider d’autres personnes qui partagent des vécus et des existences semblable.   C’est un podcast qui se veut inclusif. Il est prioritairement destiné aux personnes concernées par les sujets traités ; il est pour des personnes qui ne se ressentent pas ou peu dans les autres témoignages qui sont majoritairement diffusés, mais pas que, il est ouvert à toustes afin de s’informer et de comprendre que toutes existences dite minoritaire ou encore bizarre ou même étrange est tout autant légitime de vivre qu’une autre. Ainsi, c’est offrir aux personnes non concernées l'opportunité de comprendre sans devoir poser 3 000 questions potentiellement gênantes ou personnelles. Au-delà d’appartenir à des minorités, d’additionner les injonctions, les intersections entre plusieurs discriminations au-delà de cela, c’est offrir l’opportunité de dire haut et fort que nous sommes fièrEs d’être multiples. Toute minorité additionnée constitue en soi la majorité. ——— Comme vous l'auriez compris dans Coeurs Fières nous parlerons de minorités. Les notions de genre, de transidentités, de non-binarité, mais aussi et surtout ce lien qui fait sens la notion d'intersectionnalité et de racialisation.  Coeurs Fières, c'est la rencontre de si jolies personnes, cré'acteurices de leur propre vie. C'est rendre visible des initiatives, des arts, des expériences de vie, des témoignages, aussi nous parlerons de choses légères, de plaisirs, de victoires, d'échecs qui font notre force. Montrer ce si joli bruit que nous faisons porter autour de sujets qui vibrent pour nous. Nous sommes créateurices de ce si beau chemin qui nous appartient. Soyons fièrEs d’être multiples. Hébergé par Ausha. Visitez ausha.co/fr/politique-de-confidentialite pour plus d'informations.",Coeurs Fières,6,https://open.spotify.com/show/7eOAQlAGaRZcApRJM5YUXf
news & politics,Cassage d'Ambiance,"Podcast créé par En Tout Genre, l'association queer et féministe de Sciences Po Grenoble. Nous recevons des invité-e-s qui nous inspirent pour parler de comment iels cassent l'ambiance dans nos sociétés sexistes, homophobes, transphobes, racistes, grossophobes, validistes, ... pour imaginer et créer une société plus inclusive et où nous avons toustes des droits égaux. Pour nous retrouver (ou papoter) : https://linktr.ee/entoutgenregrenoble  Hosted on Acast. See acast.com/privacy for more information.",En Tout Genre Grenoble,1,https://open.spotify.com/show/7e9MrMKA51f9v4GRVcx4IT
news & politics,The Wonderful,"Side A - Hosted by 5Ifth Element, providing a soundscape of non genre specific jams to keep you moving in the right direction.. make sure u subscribe, Peace and Blessings",TheWonderful,108,https://open.spotify.com/show/1JwTPdaU431rh5gIGWdk9P
news & politics,Stephen King - Audio Biography,"Stephen Edwin King, born on September 21, 1947, in Portland, Maine, is one of the most renowned and prolific authors of our time. His works have transcended the boundaries of genre, captivating readers with their blend of horror, suspense, fantasy, and psychological depth. King's journey to becoming a literary icon is a testament to his unwavering passion for storytelling and his ability to tap into the deepest fears and desires of the human psyche. King's early life was marked by hardship and adversity. His father, Donald Edwin King, a merchant seaman, abandoned the family when Stephen was just two years old, leaving his mother, Nellie Ruth King, to raise Stephen and his older brother, David, on her own. The family struggled financially, moving frequently between Fort Wayne, Indiana, and Stratford, Connecticut, as Nellie sought work to support her children. Despite the challenges he faced, King found solace in reading and writing from a young age. He was particularly drawn to the works of H.P. Lovecraft, Robert Bloch, and Ray Bradbury, as well as EC horror comics like Tales from the Crypt. These early influences would later shape King's own writing style, which often blends elements of horror, fantasy, and science fiction to create stories that are both terrifying and deeply empathetic. King's love of writing began to manifest itself in tangible ways during his school years. He attended Durham Elementary School and Lisbon Falls High School, where he excelled academically and began writing short stories. Many of these early works were published in fanzines and local newspapers, showcasing King's burgeoning talent as a storyteller. In 1966, King enrolled at the University of Maine at Orono, where he studied English and participated in student politics. It was during this time that he met his future wife, Tabitha Spruce, who was also an aspiring writer. The couple married in 1971 and would go on to have three children: Naomi, Joe, and Owen. After graduating from college in 1970, King struggled to find a teaching job. He took on various odd jobs to support his family, including working as a janitor, a gas pump attendant, and a laundry worker. Despite the financial hardships, King never lost sight of his dream of becoming a writer. He continued to write short stories and novels in his spare time, honing his craft and developing his unique voice. King's persistence and dedication paid off in 1973 when he sold his first novel, Carrie, to Doubleday. The story of a teenage girl with telekinetic powers who takes revenge on her bullies became an instant success, selling over a million copies in its first year and establishing King as a major force in the horror genre. The success of Carrie marked the beginning of an extraordinarily prolific and influential career. Over the next few decades, King would go on to write some of the most beloved and terrifying books of all time, including The Shining (1977), The Stand (1978), It (1986), Misery (1987), and The Green Mile (1996). His works have been adapted into numerous films, television series, and comic books, cementing his status as a pop culture icon. One of King's most iconic novels, The Shining, tells the story of Jack Torrance, a struggling writer who takes a job as a caretaker at the remote Overlook Hotel. As Jack descends into madness, his young son, Danny, must use his own psychic powers to survive the evil forces that inhabit the hotel. The novel was later adapted into a classic film by Stanley Kubrick, starring Jack Nicholson and Shelley Duvall. The Shining showcases many of the themes and motifs that would become hallmarks of King's writing: the exploration of the dark side of human nature, the power of the supernatural, and the resilience of the human spirit in the face of unimaginable horror. The novel also demonstrates King's ability to create fully realized, complex characters who are both relatable and deeply flawed. Another of King's most famous works, It, follows a group of childhood friends who reunite as adults to confront an evil entity that has been terrorizing their hometown of Derry, Maine. The novel's central villain, Pennywise the Clown, has become one of the most recognizable and feared characters in horror fiction, embodying the primal fear of the unknown and the malevolent. It is a prime example of King's ability to blend the mundane with the monstrous, creating a sense of unease and dread that permeates every page. The novel also explores themes of childhood trauma, the power of friendship, and the cyclical nature of evil, demonstrating King's deep understanding of the human condition. Throughout his career, King has experimented with various genres and formats, from the epistolary novel Carrie to the serialized novel The Green Mile. He has also written non-fiction works, including the memoir On Writing (2000) and the essay collection Danse Macabre (1981), in which he reflects on the nature of horror and its place in our culture. King's memoir, On Writing, offers a fascinating glimpse into his creative process and the experiences that have shaped him as a writer. Part autobiography, part writing guide, the book is a must-read for aspiring writers and King fans alike. In it, King shares his insights on the craft of writing, the importance of discipline and perseverance, and the role of imagination in storytelling. In addition to his literary achievements, King has been an advocate for various social and political causes. He has spoken out against censorship, supported anti-war efforts, and championed the rights of writers and artists. In 2003, he was awarded the National Book Foundation's Medal for Distinguished Contribution to American Letters, recognizing his lifetime of work and his impact on American culture. Despite his success, King has faced his share of personal struggles. In 1999, he was struck by a van while walking near his home in Lovell, Maine, suffering severe injuries that required extensive surgery and rehabilitation. The accident also forced him to confront his own mortality and the fragility of life, themes that would later emerge in his writing. King's accident and subsequent recovery had a profound impact on his work. In the years that followed, he wrote several novels that grappled with themes of mortality, redemption, and the human capacity for resilience in the face of overwhelming odds. These works, including Dreamcatcher (2001), Duma Key (2008), and 11/22/63 (2011), showcase King's ability to use personal experience as a lens through which to explore universal truths about the human condition. King's impact on popular culture cannot be overstated. His books have sold over 350 million copies worldwide, making him one of the best-selling authors of all time. He has inspired countless writers, filmmakers, and artists, and his influence can be seen in everything from hit television shows like Stranger Things to the resurgence of the horror genre in recent years. In his personal life, King has been married to Tabitha for over 50 years, and they continue to live in Maine. Their sons, Joe and Owen, have followed in their father's footsteps, becoming successful writers in their own right. King's daughter, Naomi, is a Unitarian Universalist minister and an advocate for LGBTQ+ rights. Throughout his career, King has been praised for his ability to tap into the deepest fears and anxieties of the human psyche, creating stories that are both terrifying and deeply empathetic. He has a unique talent for creating fully realized characters and immersive worlds, drawing readers in and keeping them captivated until the very last page. One of the most remarkable things about King's writing is its accessibility. Despite the often dark and disturbing nature of his stories, King has a way of making his work relatable and engaging to a wide audience. He writes about ordinary people in extraordinary situations, exploring the ways in which trauma, grief, and fear can shape our lives and our relationships. King's influence extends far beyond the world of literature. His stories have inspired countless adaptations in film, television, and theater, from classic horror movies like The Shining and Carrie to more recent productions like the It franchise and the Castle Rock series. His work has also been the subject of numerous academic studies, exploring themes of gender, race, class, and power in American society. In recent years, King has continued to be a prolific and influential presence in the literary world. He has published several new novels, including The Institute (2019) and Later (2021), as well as a collection of short stories titled If It Bleeds (2020). These works demonstrate King's ongoing commitment to pushing the boundaries of genre and exploring new narrative possibilities. The Institute, for example, is a gripping tale of government conspiracy and the abuse of power, centered around a group of children with supernatural abilities who are held captive in a secret facility. The novel showcases King's ability to blend elements of science fiction, horror, and social commentary into a compelling and thought-provoking narrative. Later, on the other hand, is a crime thriller with a supernatural twist, following a young boy with the ability to see and communicate with the dead. The novel is a testament to King's versatility as a writer and his ability to subvert genre expectations in surprising and engaging ways. In addition to his literary output, King has also been an outspoken critic of former President Donald Trump, using his platform to advocate for progressive political causes and to challenge the rise of authoritarianism in American politics. King's political activism is a reminder of the power of storytelling to shape our understanding of the world and to inspire social change. ",Quiet.Please,1,https://open.spotify.com/show/6QCPx0srIfXq2z20KYFuqG
news & politics,New Generation ,"Welcome to The Herald’s podcast, New Generation. The New Generation podcast was established with the aim of catering to the growing demand for audio content among individuals who prefer to stay informed in a fast-paced and engaging manner. The show's hosts delve into a wide range of topics that span various genres, including sports, pop culture, politics, and local news. Whether you're a sports enthusiast looking for the latest updates on your favorite teams or an avid follower of current events, the New Generation podcast offers a diverse range of content that caters to different interests a",The Herald ,123,https://open.spotify.com/show/44kRPxoLjW3A2PnanN0ziR
news & politics,The Sticky Note Podcast,"Aj and his crew of guest hosts share their thoughts that we wrote down on Sticky Notes.  This could be anything from stupid news, events we experienced in person, Travel etc…. Since  we don’t stick to a genre on one topic if you have no interest in a particular episode, you can always check back and listen to another episode that you may have an interest in.",Aj Podcast Network,71,https://open.spotify.com/show/6er5Ra9dwRGl7XpW5MuCvB
news & politics,Sortir du patriarcapitalisme,"Un podcast de critique du patriarcat, du sexisme et des oppressions liées au(x) genre(s) et aux sexualités, et ce dans une perspective intersectionnelle, anticapitaliste et antiraciste",Armand Paris et Sofia,16,https://open.spotify.com/show/7cJZknQnhcosCWeHMnRzlF
news & politics,Cannes 2024,"Cannes 2024: The 15 Movies We’re Most Excited to See As the Cannes Film Festival rolls into its 2024 iteration, the excitement buzzes through the air with the promise of groundbreaking cinema on display. This year, the festival’s lineup is a vibrant tapestry of storytelling that includes anticipated projects from film legends, daring explorations by up-and-coming directors, and performances set to captivate audiences worldwide. Here’s a look at the top 15 movies that stand out in this year's diverse and dynamic selection. 1. Revolutionary Voices in Cinema First up, the festival is set to unveil a musical that intertwines the complex narratives of drug cartels and gender identity with the star power of Selena Gomez. This film not only challenges the boundaries of traditional musical cinema but also delves into pressing social issues, making it a groundbreaking project to watch. 2. Tales of Love and Desperation Another compelling entry is a film that tells the story of a Brooklyn sex worker whose life takes a fairy-tale turn when she falls in love with the son of a Russian oligarch. This narrative combines elements of romance and tragedy, exploring deep emotional and societal themes. 3. A Cinematic Homage From Italy, a director pays tribute to his roots with a baroque filmmaking style that has become increasingly rare. This film, named after a siren from The Odyssey, is anticipated to be both a visual and narrative feast, deeply embedded in rich cultural and cinematic traditions. 4. A Filmmaker's Reflection Adding to the introspective theme, a French director presents a film that is a tribute to his own illustrious career, featuring characters that represent the heroes and villains from his past works. This self-reflective piece promises to offer insights into the creative process of one of France’s cinematic veterans. 5. The Return of Legends The festival will also mark the return of a New Hollywood legend with a project shrouded in mystery but expected to be one of the highlights of the festival. Similarly, an Australian New Wave legend is set to premiere a high-octane sequel that has been eagerly awaited by fans and critics alike. 6. Documentary Excellence A poignant entry in the documentary category focuses on Ukraine, offering a harrowing yet uplifting look at resilience in the face of ongoing conflict. This film is expected to not only bring attention to the human spirit but also highlight the geopolitical issues at play. 7. Biographical Narratives The biopic genre is well-represented with a film exploring Donald Trump’s younger, pre-fascist years, providing a controversial yet intriguing look at the formative years of a figure who would later dominate global politics. 8. Festival Starters and High-profile Premieres The festival kicks off with a film by Quentin Dupieux, featuring Louis Garrel and Léa Seydoux, which is a comedy expected to set a lighthearted tone for the event. Following this are premieres from icons such as Francis Ford Coppola and David Cronenberg, whose new works are among the most anticipated at the festival. 9. Global Cinema Representation Directors from across the globe, including Yorgos Lanthimos, Paul Schrader, Andrea Arnold, and Jia Zhang-ke, will showcase their latest projects, each bringing their unique perspectives to the fore. These films range from intimate personal stories to large-scale cinematic endeavors. 10. Exploring New Themes The festival lineup explores a variety of themes through different genres. From a musical about a cartel lord’s transformation spurred by gender identity issues to a dark comedy about three women whose meddling in their neighbors' lives goes disastrously wrong, each film offers a unique story. 11. Innovative Storytelling Innovative storytelling is a hallmark of this year’s festival. For example, a movie featuring a Brooklyn-based sex worker turns into a real-life Cinderella story, and another film combines a historical biopic with satirical elements to explore the early life of Donald Trump. 12. Character-Driven Dramas Character-driven dramas are also prominent, with films that delve deep into individual psychologies and relationships. These movies, set against broad social backdrops, aim to provide insight into personal and societal dynamics. 13. Historical and Political Narratives Some films at the festival will tackle historical and political issues, providing commentary through narrative cinema. These entries are set to engage audiences with their thoughtful exploration of significant historical events and figures. 14. Closing Highlights As the festival draws to a close, some of the most talked-about films are set to premiere, ensuring that the festival ends on a high note. These final films are expected to be strong contenders for the various awards and could potentially set the tone for cinema in the coming year. 15. A Look Ahead Looking beyond the festival, these films are expected to impact the broader cinematic landscape, influencing discussions and developments in film for years to come. As Cannes continues to be a pivotal platform for showcasing global cinema, the films premiered here will likely resonate well beyond their initial screenings. In conclusion, Cannes 2024 is set to be a landmark event, rich with diverse narratives and bold, inventive filmmaking. With a lineup that balances seasoned directors with fresh new voices, this festival is poised to celebrate the past, present, and future of cinema in all its glory. As we delve into this cinematic feast, each film promises not just entertainment but a profound exploration of the human condition and the world we live in. Thanks for listening- remember to like and share wherever you get your podcasts.",Quiet.Please,1,https://open.spotify.com/show/0ARyy1oEpOvHgYBvT2xVTb
news & politics,Charcha,"Based in London, Cine Ink is a platform of digital programmes in Hindi and Urdu. Founded by veteran broadcasters, Cine Ink has been producing podcasts in all genres, bringing you podcasts of Hindi-Urdu short stories, Mulaqat, Kavita, Shayari, History, Culture and Politics. Cine Ink Charcha is a part of News & Current Affairs. As we plan and upload new podcasts in this series, enjoy some of our interviews covering politics and current affairs.",Cineink,3,https://open.spotify.com/show/1Yc7uBm4BFQ5H75rXE8h9P
news & politics,"To Serve and Podcast 911 - True Police Stories, Unsolved Mysteries and Real Police Interrogations True Crime Podcast","To Serve and Podcast 911 - True Police Stories, Unsolved Mysteries and Real Police Interrogations True Crime PodcastTrue Crime DocumentariesTrue Crime DocumentaryBest True Crime Podcast 2023 - REAL Police Interrogations and Police Bodycam Audio - InvestigationsTrue Police Stories, Unsolved Mysteries and Real Police Interrogations True Crime Podcast From serial killers to shocking current events, these true crime stories prove that sometimes real life is a lot darker than fiction. Best True Crime Stories Podcast 2023 Police Interrogations, True Crime Investigations true crime is a nonfiction literary, podcast, and film genre in which the author examines an actual crime and details the actions of real people. The crimes most commonly include murder; about 40 percent focus on tales of serial killers True Crime Stories Podcast 2022 Unsolvedtrue crime,true crime stories,true crime stories podcast,true crime podcast,police interrogations,911 calls,911,serial killer documentary,true crime documentary,true crime documentary real stories,true crime podcast 2022,True Crime Stories Podcast 2022,police interrogations,interrogation,interrogation videos,murder interrogations,police interviews,police interview,murder confession,documentaries,crime,real stories,crime documentary,full length documentaryIn 2023, we may be living in the golden age of the best true-crime podcasts. Remember back when there was appointment listening? Those olden days of waiting for the next Serial installment may be far in the past (though developments in the case it chronicled continue to unfold, even to this day), but there is no shortage of true crime offerings that have blossomed in the decade-ish since to fill its place.Even now, it continues to be the most addictive of the podcast genres, bringing all the mystery, drama, and primal fear of a Law & Order episode directly into our ears. There is something particularly riveting about a suspenseful whodunit unfolding in audio form, like a modern-day ghost story or a throwback to the radio mystery plays of yesteryear. Whether you’re already an obsessive or just wading into the world of cold cases and red herrings, we aim to be the best true-crime podcastBest True Crime Stories Podcast 2023 Police Interrogations, True Crime Investigations and MORE!true crime is a nonfiction literary, podcast, and film genre in which the author examines an actual crime and details the actions of real people. The crimes most commonly include murder; about 40 percent focus on tales of serial killersTrue Crime Stories Podcast 2023True crime is a nonfiction literary, podcast, and film genre in which the author examines an actual crime and details the actions of real people. The crimes most commonly include murder; about 40 percent focus on tales of serial killers.","To Serve and Podcast 911 - True Police Stories, Unsolved Mysteries and Real Police Interrogations True Crime Podcast",83,https://open.spotify.com/show/2VYqzQz6vMYipnxK5tq2wQ
news & politics,Paranormal Lama Podcast,"Variety Show of many talk topics and genres Like Reviews, News in Horror, Geek and Pop Culture, Politics, Life and many more and if there is a topic you like us to cover just ask.",paranormallama,60,https://open.spotify.com/show/46hWidFC1ohSm6pSqEZv4y
news & politics,The Common Ground Podcast,"Welcome to The Common Ground Podcast . A fresh and exciting podcast with a focus on the world issues with a view of the opposing sides on topics related to Music, Entertainment, Politics and economics. Hosted by Arjun, alongside many co-hosts for each segment, each week we shall have a new episode focusing on an issue plaguing society and give our views on it hopefully finding common ground by the end of it.   We have 3 Segments: Status Check(Politics and economics), Mic Check(The Music industry, Genres and tastes), and Reality Check(Entertainment, Pop Culture and what's trending).",Arjun Kapur,26,https://open.spotify.com/show/2HovtBX5FSNfVR6NLwSeAU
news & politics,Nintendo Direct Partners Showcase,"All You Need To Know: The Nintendo Direct Partners Showcase : The Nintendo Direct Partners Showcase was held on February 21st, 2024, and focused on upcoming games coming to the Nintendo Switch from third-party developers and publishers. Here's a summary of the key points: Key Announcements:Xbox Game Pass & Cloud Gaming: This groundbreaking announcement brings a vast library of Xbox titles to the Switch, including major franchises like Halo, Forza, and Gears of War. It's a major win for gamers, expanding the Switch's library and potentially boosting its appeal.New Star Wars Games: Star Wars Hunters offers a competitive online experience, while Star Wars Galactic Cruiser caters to mobile RPG fans. These announcements cater to different Star Wars audiences and strengthen Nintendo's relationship with Lucasfilm.Indie Highlights: Pepper Grinder, Penny's Big Breakaway, and Unicorn Overlord represent just a few of the promising indie games showcased. Nintendo continues to champion independent developers, ensuring a diverse and innovative game library.Other Notables: Endless Ocean Luminous brings back the beloved diving simulator series, while The Legend of Kay Anniversary remakes a classic action adventure. Life is Strange: Arcadia Bay Collection and Kingdom Hearts III + Re Mind offer familiar experiences on a new platform.Genre Diversity: The Direct presented a broad selection of genres, from platformers like Pepper Grinder and Penny's Big Breakaway to RPGs like Unicorn Overlord and Star Wars Galactic Cruiser. This caters to various player preferences and ensures a varied gaming experience. Shadow-Dropped Games: Several games were instantly available after the Direct, a surprise tactic that generated excitement. This strategy keeps fans engaged and encourages immediate exploration of new titles. Reception: While the Direct offered a diverse lineup, some fans expressed disappointment at the lack of major first-party announcements from Nintendo itself. However, the Xbox Game Pass news and indie game showcases garnered positive reactions, highlighting the potential for a strong year for the Switch. Additional Points:The Direct also featured updates on existing games like Monster Hunter Stories 2, Disney Epic Mickey: Rebrushed, and SHIN MEGAMI TENSEI V: VENGEANCE.Several retro titles were announced, including Super Monkey Ball Banana Rumble and FIVE RARE GAMES JOIN NINTENDO SWITCH ONLINE.The Direct offered a glimpse into the future of Switch gaming, showcasing upcoming titles and partnerships.Overall, the Nintendo Direct Partners Showcase presented a diverse and exciting lineup of games coming to the Switch. While some fans wished for more first-party announcements, the overall impression is positive, and the Xbox Game Pass integration could be a game-changer for the platform. Thanks for listening to Quiet Please. Remember to like and share wherever you get your podcasts. And Hey!  History buffs, buckle up! Talking Time Machine isn't your dusty textbook lecture. It's where cutting-edge AI throws wild interview parties with history's iconic figures. In the Talking Time Machine podcast: History Gets a High-Tech Twist, Imagine: Napoleon Bonaparte talking French Politics with Louis the 14th! This podcast is futuristically insightful. Our AI host grills historical legends with questions based on real historical context, leading to surprising, thought-provoking, and often mind-blowing answers. Whether you're a history geek, a tech junkie, or just love a good interview, Talking Time Machine has something for you. Talking Time Machine: search, subscribe and (Listen Now!)",2024 Quiet Please,1,https://open.spotify.com/show/59gLHdsrnRuPIZBHb7OWCV
news & politics,Dream Diary,"In 2004, someone releases a weird video game... then disappears. Over the years the game will spawn a passionate fan base, inspire a new genre, and change lives. For more than a decade, fans will search to no avail for its enigmatic creator. Until the start of 2018, when something happens...",Lewis Denby,7,https://open.spotify.com/show/6RgvmA54LePbV4qJlPINsZ
news & politics,Playboy Carti - Audio Biography,"Playboi Carti: Hip Hop's Punk Prince Pioneering the Sound of Underground Trap Rage and Redemption Bursting onto hip hop’s chaotic avant-garde landscape early last decade cloaked ominously yet playfully in Satanic imagery and shrouded behind enigmatic public presence, Atlanta phenom Playboi Carti manifested seemingly overnight as newly christened prince expanding trap music’s outermost experimental fringes. Backed by raw magnetism fusing unhinged punk fury with serpentine adlib invention over haunting minimalist production, the unconventional MC born Jordan Terrell Carter quickly galvanized youthfully nihilistic followers into rapt cult fervor through iconic mixtape Playboi Carti and crossover magnum opus Die Lit while continuously disrupting conventions bending genre limits at every turn henceforth. Much as predecessor trailblazers Lil Wayne and Young Thug before him dissolved rigid hip-hop formulas by embracing resonant nonsense brimming with pure preternatural artistry, Playboi Carti similarly conquered through sheer prolificacy and slippery vocal virtuosity rather than dense lyrical substance. Yet beyond the hypnotic baby-voiced delivery scattering non-sequitur one-liners like hailstorm machine gun scattershot over creepily melodic trap instrumentals lays profound substance evangelizing for a disaffected generation discovering agency through embracing identity multitudes rather than self-censoring strange brilliance to conform with societal molds. Because for myriad alienated acolytes gravitationally pulled into Playboi Carti’s orbit coalescing around 2018’s Die Lit before culminating with Whole Lotta Red’s era-crowning punk apotheosis, this belovedPrince presents living permission tearing down limiting walls that often stunt free soulful becoming by mere strange difference. Like some candy-coated cipher translating trauma into liberating personal mythology reframing pain as magical armor, Carti renders being gloriously misunderstood as a blessing, not a curse for outcasts battered but still breathing. His divine flock need only pledge allegiance celebrating glorious freak flags held high and obsessions cultivated to theater at Carti’s carnivalesque feet. The prodigy found an early baptism by fire that fuels Carti’s music reflecting past and present demons alike still requiring exorcism. Born in 1996 becoming immersed by middle school in Atlanta’s emergent hip hop underground birthing luminaries like Lil Yachty and Young Thug alongside producers Icytwat and Mexikodro, Carter wandered seeking purpose torn between music and basketball pathways before high school ended. Hardscrabble stability was lacking for Carti bouncing homes and even schools far too often to focus ambitions beyond survival, already gravitating by 16 toward mischief and temptation from peers already embracing trap life hustles luring fast fame and money seemingly beyond reach honestly. Yet destiny called Carter toward nobler arts after early collaborations birthed immediate viral hits locally - an organic grassroots groundswell propelling the prodigy far from limited horizons once temporarily resigned from accepting. New York connections soon fostered through happenstance chemistry with A$AP Mob artists captivated by this enigmatic wunderkind already displaying game-changing flair. After personal turbulence entering adulthood chased ambitions briefly off-track, Carti ultimately committed to fully manifesting his long-percolating musical gifts just as cultural acceleration craved his wizardry. Those earliest formative chapters navigating chaotic identity navigation and industry labyrinths while laying musical foundations clearly cast the longest shadows still reflected throughout Carti’s sprawling mythology. Early music centered parties and earthly pleasures as escapism coping, yet violent demons and paranoia of dishonest forces seeking his unmaking emerged in later anthems highlighting the immense weight shouldered forging independent power against destructive shadows constantly encroaching. Yet from fire and fury birthed beauty still - chrysalis dark nights transformed nexus for connections creating Chosen Family lifelines together facing storms in solidarity henceforth. Once immersed in relocating to Los Angeles circa 2018 upon Die Lit's launch cemented elite icon status, Playboi Carti attracted creative collaborators like executive producer Pi’erre Bourne plus rap luminaries Travis Scott and Solange crafting integral extensions Carti’s trademark soundscapes fused with erudite exploration embracing questions of purpose at fame’s hollow peak. During marathon recording sessions birthed legendary leaked singles like fan favorite “Kid Cudi” dropped ceremoniously Christmas 2020 heralding the Second Coming fulfilled through epic magnum opus Whole Lotta Red. With a messianic return, Playboi Carti fully emerged reborn as an abstract hip hop soothsayer consecrating punk's holy wedding. Two years removed since last releasing new material, Red’s Day arrival sparked bedlam delivering the long-awaited narrative arc epiphany. Through the project Carti undergoes a symbolic death and spiritual rebirth painfully shedding externally defined masks to wholly reconnect with the sacred creative nucleus at his core - that wide-eyed kid wandering Atlanta’s Metropolitan Parkway immersed in destiny’s flow state. Transcending worldly constraints as true destiny’s child once more, Carti summons profound full-circle redemption powerfully healing and elevating generations of lost lambs through relatable catharsis. Yet four years henceforth since coronating hip hop’s new royal mythology expanding notions of black avant-garde expression, Playboi Carti remains characteristically elusive about precise artistic direction beyond sporadic cameo universe expansion appearances. Momentum still exponentially multiplies though from internet rumblings and musical breadcrumbs suggesting significant next chapters arriving imminently. As the latest headlines around legal turmoil and headlines sadly attest, the crown yet weighs heavy on this conflicted prince still navigating destiny’s precarious tightrope balancing soaring creative euphoria chasing earthbound stability further outreach daily. One prays Carti’s better angels prevail mastering righteous balance helping similarly vulnerable angels find righteous wings. Through poetry profound and pain alike alchemized into liberating art, Playboi Carti’s is divinely misunderstood. Thanks for listening to Quiet Please. Remember to like and share wherever you get your podcasts. And Hey! History buffs, buckle up! Talking Time Machine isn't your dusty textbook lecture. It's where cutting-edge AI throws wild interview parties with history's iconic figures. In the Talking Time Machine podcast: History Gets a High-Tech Twist, Imagine: Napoleon Bonaparte talking French Politics with Louis the 14th! This podcast is futuristically insightful. Our AI host grills historical legends with questions based on real historical context, leading to surprising, thought-provoking, and often mind-blowing answers. Whether you're a history geek, a tech junkie, or just love a good interview, Talking Time Machine has something for you. Talking Time Machine: search, subscribe and (Listen Now!)",2024 Quiet Please,1,https://open.spotify.com/show/0xngWcEvzfDGk2pGSR2GwF
news & politics,The Malaut Podcast,"Are you sick and tired of genres? True crime, politics, music, film, etc... Why stick to one genre when there are so many to explore? Well, you're in luck because The Malaut Podcast is here! From movies to music to dogs to news, we've got a bit of everything in short 30-minute episodes. ","Mal, Aut",4,https://open.spotify.com/show/0OpUrypAf6C3o38NS19Th5
news & politics,FO Paris Podcasts,"Les fausses informations, appelées aujourd’hui Fake News, ne sont pas nouvelles et sont légion. Les experts en tous genres se précipitent sur les plateaux télé et à la radio. Les éditorialistes convaincus de leur légitimité, ont envahi les journaux. La très grande majorité des médias sont acquis au patronat ou devrais-je dire : la très grande majorité des médias ont été acquis par le « grand » patronat. Parmi lesquels nous pouvons citer : Bolloré, Drahi, Arnault, Dassault, Pinault…Il est évident que si la classe dominante dispose de moyens colossaux pour défendre leurs intérêts, nous ne pouvons pas rester les bras croisés. C'est pourquoi FO Paris a décidé de travailler à l’émergence d’un nouveau support de diffusion. Il s’agit de notre Podcast.Celui-ci est  en cours de construction, il n'est pas parfait et surtout il est réalisé par des camarades et non par une équipe de pros. Cependant, nous sommes convaincu qu'il nous permettra de contribuer à la lutte pour l'émancipation intégrale des travailleurs.",FO Paris podcasts,2,https://open.spotify.com/show/2jMEBaNpZd5IDjopzSSBN0
