Keyword,Genre
Arts and entertainment news,arts and entertainment
Latest movie releases,arts and entertainment
Celebrity news,arts and entertainment
Music industry updates,arts and entertainment
Art exhibitions,arts and entertainment
Film festivals,arts and entertainment
TV show reviews,arts and entertainment
Theatre performances,arts and entertainment
Cultural events,arts and entertainment
Book launches,arts and entertainment
Berita seni dan hiburan,arts and entertainment
Rilis film terbaru,arts and entertainment
Berita selebriti,arts and entertainment
Pembaruan industri musik,arts and entertainment
Pameran seni,arts and entertainment
Festival film,arts and entertainment
Ulasan acara TV,arts and entertainment
Pertunjukan teater,arts and entertainment
Acara budaya,arts and entertainment
Peluncuran buku,arts and entertainment
Buku,books
Kitab,books
Naskah,books
Karya tulis,books
Literatur,books
Katalog,books
Pustaka,books
Jurnal,books
Bibliografi,books
Manuskrip,books
Book,books
Volume,books
Tome,books
Publication,books
Literature,books
Text,books
Manuscript,books
Journal,books
Script,books
Magazine,books
Selebriti,celebrities
Artis,celebrities
Tokoh terkenal,celebrities
Figur publik,celebrities
Idola,celebrities
Aktor/Aktris,celebrities
Penyanyi,celebrities
Pesohor,celebrities
Tokoh media,celebrities
Bintang,celebrities
Celebrities,celebrities
Stars,celebrities
Public figures,celebrities
Famous personalities,celebrities
Idols,celebrities
Actors/Actresses,celebrities
Singers,celebrities
Entertainers,celebrities
Media personalities,celebrities
Icons,celebrities
Komedi,comedy
Lawakan,comedy
Pertunjukan lucu,comedy
Humor,comedy
Plesetan,comedy
Parodi,comedy
Sindiran lucu,comedy
Kelucuan,comedy
Hiburan,comedy
Pentas komedi,comedy
Comedy,comedy
Humor,comedy
Jokes,comedy
Stand-up comedy,comedy
Satire,comedy
Parody,comedy
Wit,comedy
Funny,comedy
Laughter,comedy
Entertainment,comedy
Desain,design
Rancangan,design
Perancangan,design
Tata letak,design
Reka bentuk,design
Gaya,design
Seni rupa,design
Pengaturan,design
Arsitektur,design
Penyusunan,design
Design,design
Layout,design
Planning,design
Arrangement,design
Styling,design
Artistry,design
Composition,design
Blueprint,design
Conception,design
Configuration,design
Fiksi,fiction
Karya fiksi,fiction
Cerita khayalan,fiction
Sastra fiksi,fiction
Novel,fiction
Cerpen,fiction
Kisah imajinatif,fiction
Cerita rekaan,fiction
Cerita pendek,fiction
Karya sastra,fiction
Fiction,fiction
Literature,fiction
Novel,fiction
Storytelling,fiction
Imaginary tale,fiction
Narrative,fiction
Creative writing,fiction
Imaginative literature,fiction
Short story,fiction
Make-believe narrative,fiction
Film,film
Movie,film
Bioskop,film
Layar lebar,film
Cinema,film
Sinematografi,film
Fotografi gerak,film
Pertunjukan film,film
Produksi film,film
Peran,film
Film,film
Movie,film
Cinema,film
Motion picture,film
Flick,film
Feature,film
Picture,film
Screenplay,film
Cinematography,film
Acting,film
Sastra,literature
Karya sastra,literature
Kesusasteraan,literature
Karya tulis,literature
Buku-buku sastra,literature
Karya-karya penulis,literature
Kritik sastra,literature
Puisi,literature
Prosa,literature
Drama,literature
Literature,literature
Writings,literature
Works of literature,literature
Literary works,literature
Written works,literature
Prose and poetry,literature
Fiction and nonfiction,literature
Books and essays,literature
Literary criticism,literature
Poetry and prose,literature
Budaya pop,pop culture
Kebudayaan populer,pop culture
Kultur pop,pop culture
Trend budaya,pop culture
Budaya massa,pop culture
Kebudayaan kontemporer,pop culture
Trend populer,pop culture
Budaya mainstream,pop culture
Kebudayaan modern,pop culture
Trend budaya masa kini,pop culture
Pop culture,pop culture
Popular culture,pop culture
Mainstream culture,pop culture
Contemporary culture,pop culture
Mass culture,pop culture
Trend culture,pop culture
Modern culture,pop culture
Cultural trends,pop culture
Cultural phenomena,pop culture
Cultural zeitgeist,pop culture
Kisah,stories
Cerita,stories
Riwayat,stories
Ceritera,stories
Legenda,stories
Fabel,stories
Naratif,stories
Kronik,stories
Saga,stories
Cerpen,stories
Stories,stories
Tales,stories
Narratives,stories
Fables,stories
Legends,stories
Sagas,stories
Chronicles,stories
Anecdotes,stories
Short stories,stories
Myths,stories
Televisi,tv
TV,tv
Saluran televisi,tv
Siaran televisi,tv
Program televisi,tv
Acara televisi,tv
Stasiun televisi,tv
Tayangan televisi,tv
Pemrograman televisi,tv
Layar kaca,tv
Television,tv
TV,tv
Television set,tv
Broadcasting,tv
Television program,tv
Television channel,tv
TV show,tv
Television station,tv
Television network,tv
Screen,tv
Bisnis,business
Usaha,business
Perusahaan,business
Industri,business
Wirausaha,business
Pengusaha,business
Dunia usaha,business
Ekonomi,business
Pasar,business
Perniagaan,business
Business,business
Enterprise,business
Company,business
Industry,business
Trade,business
Commerce,business
Firm,business
Entrepreneurship,business
Economy,business
Market,business
Teknologi dan bisnis,business & technology
Teknologi informasi dan bisnis,business & technology
Usaha dan teknologi,business & technology
Industri dan teknologi,business & technology
Inovasi bisnis,business & technology
Pengembangan teknologi,business & technology
Bisnis digital,business & technology
Perusahaan teknologi,business & technology
Strategi bisnis teknologi,business & technology
Transformasi digital,business & technology
Business and technology,business & technology
Technology and business,business & technology
Information technology and business,business & technology
Industry and technology,business & technology
Business innovation,business & technology
Technology development,business & technology
Digital business,business & technology
Technology companies,business & technology
Technology business strategy,business & technology
Digital transformation,business & technology
Karir,careers
Pekerjaan,careers
Profesi,careers
Jalur karir,careers
Pengembangan karir,careers
Bidang pekerjaan,careers
Lapangan kerja,careers
Kesempatan kerja,careers
Pertumbuhan karir,careers
Rencana karir,careers
Careers,careers
Jobs,careers
Professions,careers
Career paths,careers
Career development,careers
Occupations,careers
Employment,careers
Job opportunities,careers
Career growth,careers
Career planning,careers
Ekonomi,economics
Ilmu ekonomi,economics
Ekonomika,economics
Ekonomika politik,economics
Kajian ekonomi,economics
Perekonomian,economics
Sistem ekonomi,economics
Teori ekonomi,economics
Perilaku ekonomi,economics
Pembangunan ekonomi,economics
Economics,economics
Economic science,economics
Economic theory,economics
Economic studies,economics
Political economy,economics
Economic system,economics
Economic analysis,economics
Economic policy,economics
Economic development,economics
Economic behavior,economics
Keuangan,finance
Finansial,finance
Uang,finance
Pembiayaan,finance
Perbankan,finance
Pasar keuangan,finance
Manajemen keuangan,finance
Investasi,finance
Pendanaan,finance
Perencanaan keuangan,finance
Laporan keuangan,finance
Finance,finance
Financial,finance
Banking,finance
Funding,finance
Financial markets,finance
Financial management,finance
Investment,finance
Financing,finance
Financial planning,finance
Financial reporting,finance
Pemasaran,marketing
Pemasar,marketing
Bisnis pemasaran,marketing
Strategi pemasaran,marketing
Penjualan,marketing
Periklanan,marketing
Promosi,marketing
Pengiklanan,marketing
Pengembangan pasar,marketing
Brand,marketing
Marketing,marketing
Marketer,marketing
Marketing business,marketing
Marketing strategy,marketing
Sales,marketing
Advertising,marketing
Promotion,marketing
Advertising,marketing
Market development,marketing
Brand,marketing
Teknologi,technology
Inovasi teknologi,technology
Pengembangan teknologi,technology
Ilmu teknologi,technology
Teknologi informasi,technology
Teknologi digital,technology
Teknologi modern,technology
Teknologi komputer,technology
Perkembangan teknologi,technology
Penerapan teknologi,technology
Technology,technology
Innovation,technology
Technological development,technology
Science and technology,technology
Information technology,technology
Digital technology,technology
Modern technology,technology
Computer technology,technology
Advancement in technology,technology
Technological application,technology
Pendidikan,educational
Pendidikan formal,educational
Pendidikan non-formal,educational
Pendidikan tinggi,educational
Pendidikan dasar,educational
Pendidikan anak-anak,educational
Pendidikan lanjutan,educational
Pendidikan kejuruan,educational
Pendidikan masa kecil,educational
Pendidikan vokasional,educational
Educational,educational
Education,educational
Formal education,educational
Non-formal education,educational
Higher education,educational
Elementary education,educational
Childhood education,educational
Advanced education,educational
Vocational education,educational
Educational programs,educational
Pemerintah,government
Pemerintahan,government
Otoritas,government
Penguasa,government
Pemerintah pusat,government
Pemerintah daerah,government
Negara,government
Pembuat kebijakan,government
Pengelola negara,government
Pemerintah federal,government
Government,government
Administration,government
Authority,government
Ruling body,government
Central government,government
Local government,government
State,government
Policy maker,government
State authority,government
Federal government,government
Sejarah,history
Riwayat,history
Histori,history
Catatan masa lalu,history
Peristiwa bersejarah,history
Warisan sejarah,history
Pengalaman masa lalu,history
Kronologi,history
Tradisi,history
Masa lalu,history
History,history
Past,history
Historical records,history
Chronicle,history
Events of the past,history
Historical heritage,history
Legacy,history
Experience of the past,history
Tradition,history
Ancestry,history
Bahasa,language
Linguistik,language
Bahasa dan sastra,language
Pengucapan,language
Kosakata,language
Tata bahasa,language
Kebahasaan,language
Bicara,language
Kosa kata,language
Pengucapan,language
Language,language
Linguistics,language
Speech,language
Vocabulary,language
Grammar,language
Diction,language
Tongue,language
Lexicon,language
Phonetics,language
Pronunciation,language
Filsafat,philosophy
Ilmu filsafat,philosophy
Pemikiran filsafat,philosophy
Filosofi,philosophy
Pemikiran metafisika,philosophy
Kajian filsafat,philosophy
Filsuf,philosophy
Teori,philosophy
Etika,philosophy
Pandangan hidup,philosophy
Philosophy,philosophy
Philosophical studies,philosophy
Philosophical thought,philosophy
Doctrine,philosophy
Metaphysical thought,philosophy
Philosophical inquiry,philosophy
Philosopher,philosophy
Theory,philosophy
Ethics,philosophy
Worldview,philosophy
Ilmu,science
Ilmu pengetahuan,science
Sains,science
Pengetahuan,science
Kajian ilmiah,science
Keilmuan,science
Bidang ilmu,science
Riset,science
Pengkajian,science
Teknologi,science
Science,science
Knowledge,science
Scientific study,science
Field of science,science
Research,science
Scientific inquiry,science
Expertise,science
Scholarship,science
Discipline,science
Technology,science
Permainan,games
Game,games
Mainan,games
Lomba,games
Hiburan,games
Acara,games
Kompetisi,games
Berkat,games
Pertandingan,games
Tantangan,games
Games,games
Play,games
Toys,games
Contest,games
Entertainment,games
Event,games
Competition,games
Match,games
Challenge,games
Recreation,games
Permainan video,video games
Game,video games
Game komputer,video games
Mainan elektronik,video games
Hiburan interaktif,video games
Game online,video games
Permainan digital,video games
Game konsol,video games
Permainan daring,video games
Game virtual,video games
Video games,video games
Games,video games
Computer games,video games
Electronic games,video games
Interactive entertainment,video games
Online games,video games
Digital games,video games
Console games,video games
Online gaming,video games
Virtual games,video games
Kecantikan,beauty
Keindahan,beauty
Daya tarik,beauty
Pesona,beauty
Kemolekan,beauty
Keelokan,beauty
Cantik,beauty
Menawan,beauty
Estetika,beauty
Elegansi,beauty
Beauty,beauty
Attractiveness,beauty
Glamour,beauty
Elegance,beauty
Charm,beauty
Grace,beauty
Aesthetics,beauty
Loveliness,beauty
Appeal,beauty
Prettiness,beauty
Mode,fashion
Busana,fashion
Trend fashion,fashion
Gaya,fashion
Penampilan,fashion
Bisnis mode,fashion
Desain pakaian,fashion
Model,fashion
Gayahidup,fashion
Elegansi,fashion
Fashion,fashion
Clothing,fashion
Style,fashion
Trend,fashion
Apparel,fashion
Fashion industry,fashion
Fashion design,fashion
Mode,fashion
Mode of dress,fashion
Mode of fashion,fashion
Cuisine,food
Meal,food
Dish,food
Nourishment,food
Nutrition,food
Diet,food
Fare,food
Snack,food
Sustenance,food
Provisions,food
Makanan,food
Hidangan,food
Santapan,food
Gizi,food
Nutrisi,food
Diet,food
Penganan,food
Camilan,food
Pangan,food
Bekal,food
Crime documentary,true crime
Crime stories,true crime
Criminal cases,true crime
Crime investigation,true crime
Crime thriller,true crime
Criminal justice,true crime
Forensic science,true crime
Criminal psychology,true crime
Crime report,true crime
Crime podcast,true crime
Dokumenter kejahatan,true crime
Cerita kriminal,true crime
Kasus kriminal,true crime
Investigasi kejahatan,true crime
Thriller kejahatan,true crime
Hukum pidana,true crime
Ilmu forensik,true crime
Psikologi kriminal,true crime
Laporan kejahatan,true crime
Podcast kejahatan,true crime
Well-being,health
Fitness,health
Wellness,health
Vitality,health
Hygiene,health
Medicine,health
Healthcare,health
Healing,health
Condition,health
Nutrition,health
Kesehatan,health
Kebugaran,health
Kesejahteraan,health
Vitalitas,health
Kebersihan,health
Pengobatan,health
Perawatan kesehatan,health
Penyembuhan,health
Kondisi,health
Gizi,health
Pastime,hobbies
Recreation,hobbies
Leisure activity,hobbies
Interest,hobbies
Amusement,hobbies
Diversion,hobbies
Craft,hobbies
Pursuit,hobbies
Avocation,hobbies
Activity,hobbies
Kegemaran,hobbies
Kesukaan,hobbies
Rekreasi,hobbies
Aktivitas waktu luang,hobbies
Minat,hobbies
Hiburan,hobbies
Pengalih perhatian,hobbies
Kerajinan,hobbies
Kegiatan,hobbies
Hobi,hobbies
Attitude,lifestyle
Wellbeing,lifestyle
Quality,lifestyle
Choices,lifestyle
Preferences,lifestyle
Activities,lifestyle
Values,lifestyle
Identity,lifestyle
Habits,lifestyle
Interests,lifestyle
Sikap,lifestyle
Kesejahteraan,lifestyle
Kualitas hidup,lifestyle
Pilihan,lifestyle
Preferensi,lifestyle
Aktivitas,lifestyle
Nilai,lifestyle
Identitas,lifestyle
Kebiasaan,lifestyle
Minat,lifestyle
Contemplation,meditation podcasts
Reflection,meditation podcasts
Mindfulness,meditation podcasts
Introspection,meditation podcasts
Concentration,meditation podcasts
Deliberation,meditation podcasts
Serenity,meditation podcasts
Tranquility,meditation podcasts
Inner peace,meditation podcasts
Quietude,meditation podcasts
Renungan,meditation podcasts
Kontemplasi,meditation podcasts
Pemikiran,meditation podcasts
Refleksi,meditation podcasts
Penghayatan,meditation podcasts
Latihan jiwa,meditation podcasts
Mendiamkan diri,meditation podcasts
Penyucian jiwa,meditation podcasts
Mendalami diri,meditation podcasts
Meditasi batin,meditation podcasts
Parenting,parenting
Children,parenting
Parents,parenting
Parenting styles,parenting
Parental roles,parenting
Family,parenting
Educating,parenting
Child guidance,parenting
Responsibility,parenting
Child development,parenting
Keibuan,parenting
Kebapakan,parenting
Hubungan orang tua dan anak,parenting
Pengalaman orang tua,parenting
Kesejahteraan anak,parenting
Penyuluhan keluarga,parenting
Pengasuhan positif,parenting
Perkembangan emosi anak,parenting
Pengambilan keputusan keluarga,parenting
Pemberian batasan,parenting
Relationship,relationships
Connection,relationships
Interaction,relationships
Bond,relationships
Association,relationships
Link,relationships
Friendship,relationships
Partnership,relationships
Communication,relationships
Collaboration,relationships
Hubungan dekat,relationships
Relasi,relationships
Perhubungan,relationships
Pertalian,relationships
Keterhubungan,relationships
Kemitraan,relationships
Perkawanan,relationships
Keterikatan,relationships
Kolaborasi,relationships
Aliansi,relationships
Self-care,self-care
Personal well-being,self-care
Self-development,self-care
Self-maintenance,self-care
Mental health,self-care
Maintaining balance,self-care
Self-attention,self-care
Self-awareness,self-care
Independence,self-care
Self-regulation,self-care
Relaksasi,self-care
Refleksi diri,self-care
Keseimbangan hidup,self-care
Pengaturan waktu,self-care
Kebugaran mental,self-care
Terapi diri,self-care
Pembangunan jiwa,self-care
Pengembangan pribadi,self-care
Kebahagiaan,self-care
Perbaikan diri,self-care
Sex,sex
Sexual intercourse,sex
Intimacy,sex
Reproductive health,sex
Partner,sex
Intimacy,sex
Reproductive organs,sex
Sexuality,sex
Copulation,sex
Marriage,sex
Seks,sex
Hubungan seksual,sex
Intim,sex
Kesehatan reproduksi,sex
Pasangan,sex
Keintiman,sex
Organ reproduksi,sex
Seksualitas,sex
Persetubuhan,sex
Perkawinan,sex
News,news & politics
Politics,news & politics
Governance,news & politics
Policy,news & politics
Democracy,news & politics
Media,news & politics
Election,news & politics
Political parties,news & politics
Events,news & politics
State,news & politics
Berita,news & politics
Politik,news & politics
Pemerintahan,news & politics
Kebijakan,news & politics
Demokrasi,news & politics
Media,news & politics
Pemilihan,news & politics
Partai politik,news & politics
Peristiwa,news & politics
Negara,news & politics
Politics,politics
Government,politics
Policy,politics
Democracy,politics
Political parties,politics
Elections,politics
Diplomacy,politics
Power,politics
Leadership,politics
Rebellion,politics
Politik,politics
Pemerintahan,politics
Kebijakan,politics
Demokrasi,politics
Partai politik,politics
Pemilihan umum,politics
Diplomasi,politics
Kekuasaan,politics
Kepemimpinan,politics
Pemberontakan,politics
Baseball,baseball
Field,baseball
Ball,baseball
Team,baseball
Player,baseball
League,baseball
Batting,baseball
Pitcher,baseball
Catch,baseball
Score,baseball
Baseball,baseball
Lapangan,baseball
Bola,baseball
Tim,baseball
Pemain,baseball
Liga,baseball
Pukulan,baseball
Pitcher,baseball
Tangkapan,baseball
Skor,baseball
Basketball,basketball
Team,basketball
Court,basketball
Player,basketball
Hoops,basketball
League,basketball
Coach,basketball
Game,basketball
Tournament,basketball
Dribble,basketball
Bola,basketball
Tim,basketball
Lapangan,basketball
Pemain,basketball
Basket,basketball
Liga,basketball
Pelatih,basketball
Pertandingan,basketball
Turnamen,basketball
Dribel,basketball
Boxing,boxing
Boxer,boxing
Boxing ring,boxing
Training,boxing
Fighting,boxing
Muscle,boxing
Punch,boxing
Blow,boxing
Protection,boxing
Champion,boxing
Tinju,boxing
Petinju,boxing
Ring tinju,boxing
Pelatihan,boxing
Bertarung,boxing
Otot,boxing
Tendangan,boxing
Pukulan,boxing
Perlindungan ,boxing
Juara,boxing
Football,football
Field,football
Team,football
Goal,football
Player,football
Referee,football
Match,football
League,football
Coach,football
Football boots,football
Sepak bola ,football
Lapangan,football
Tim,football
Gol,football
Pemain,football
Wasit,football
Pertandingan,football
Liga,football
Pelatih,football
Sepatu bola,football
Hockey,hockey
Hockey player,hockey
Hockey field,hockey
Hockey stick,hockey
Hockey ball,hockey
Hockey league,hockey
Hockey coach,hockey
Hockey tournament,hockey
Hockey team,hockey
Hockey goal,hockey
Hockey,hockey
Pemain hoki ,hockey
Lapangan hoki,hockey
Stik hoki,hockey
Bola hoki,hockey
Liga hoki,hockey
Pelatih hoki,hockey
Turnamen hoki,hockey
Tim hoki,hockey
Gol hoki,hockey
MMA ,mma
Fighting,mma
Wrestling,mma
Boxing,mma
Martial arts,mma
Training,mma
Fighter,mma
Championship,mma
Technique,mma
Dojo,mma
Mixed Martial Arts,mma
Bertarung,mma
Gulat,mma
Tinju,mma
Seni bela diri,mma
Pelatihan,mma
Petarung,mma
Kejuaraan,mma
Teknik,mma
Kickboxing,mma
Outdoor,outdoor
Nature,outdoor
Open-air,outdoor
Wilderness,outdoor
Scenery,outdoor
Outdoor pursuits,outdoor
Wild environment,outdoor
Green space,outdoor
Outdoor adventure,outdoor
Exploring nature,outdoor
Luar Ruangan,outdoor
Alam terbuka,outdoor
Aktivitas luar,outdoor
Alam bebas,outdoor
Pemandangan alam,outdoor
Kegiatan di luar ,outdoor
Alam liar,outdoor
Ruang terbuka hijau,outdoor
Petualangan alam,outdoor
Penjelajahan alam,outdoor
Rugby,rugby
Sport,rugby
Ball,rugby
Team,rugby
Field,rugby
Player,rugby
Touch,rugby
Points,rugby
Tournament,rugby
Referee,rugby
Bola oval,rugby
Olahraga,rugby
Bola,rugby
Tim,rugby
Lapangan,rugby
Pemain,rugby
Sentuhan,rugby
Poin,rugby
Turnamen,rugby
Wasit,rugby
Running,running
Run,running
Exercise,running
Health,running
Fitness,running
Jogging,running
Race,running
Training,running
Marathon,running
Stamina,running
Berlari,running
Lari,running
Olahraga,running
Kesehatan,running
Kebugaran,running
Jogging,running
Perlombaan,running
Latihan,running
Maraton,running
Stamina,running
Soccer,soccer
Ball,soccer
Foot,soccer
Field,soccer
Team,soccer
Goal,soccer
Referee,soccer
Coach,soccer
League,soccer
Tournament,soccer
Sepak,soccer
Bola,soccer
Kaki,soccer
Lapangan,soccer
Tim,soccer
Gol,soccer
Wasit,soccer
Pelatih,soccer
Liga,soccer
Turnamen,soccer
Sports,sports & recreation
Recreation,sports & recreation
Physical activities,sports & recreation
Outdoor activities,sports & recreation
Exercise,sports & recreation
Camping,sports & recreation
Cycling,sports & recreation
Hiking,sports & recreation
Swimming,sports & recreation
Playing,sports & recreation
Olahraga,sports & recreation
Rekreasi,sports & recreation
Kegiatan fisik,sports & recreation
Aktivitas luar ruangan,sports & recreation
Senam,sports & recreation
Berkemah,sports & recreation
Bersepeda,sports & recreation
Mendaki,sports & recreation
Renang,sports & recreation
Bermain,sports & recreation
Wrestling,wrestling
Wrestler,wrestling
Grappling,wrestling
Bout,wrestling
Wrestling championship,wrestling
Wrestling technique,wrestling
Wrestling tournament,wrestling
Wrestling match,wrestling
Wrestling sport,wrestling
Wrestling ring,wrestling
Gulat,wrestling
Pegulat,wrestling
Tarung,wrestling
Pertarungan,wrestling
Kejuaraan gulat,wrestling
Teknik gulat,wrestling
Turnamen gulat,wrestling
Perlombaan gulat,wrestling
Olahraga gulat,wrestling
Panggung gulat,wrestling
Horor,horror
Kengerian,horror
Mengerikan,horror
Seram,horror
Ketakutan,horror
Menakutkan,horror
Dahsyat,horror
Teror,horror
Ketakutan yang mendalam,horror
Kengerian malam,horror
Setan,horror
hantu,horror
Ghost,horror
Horror,horror
Terror,horror
Fright,horror
Scary,horror
Spooky,horror
Creepy,horror
Fear,horror
Dread,horror
Terrifying,horror
Ghoulish,horror
